Location Names,Review Count,Links
1. St. Marks National Wildlife Refuge,661 reviews,https://www.tripadvisor.com/Attraction_Review-g34675-d147130-Reviews-St_Marks_National_Wildlife_Refuge-Tallahassee_Florida.html
2. Tallahassee Antique Car Museum,541 reviews,https://www.tripadvisor.com/Attraction_Review-g34675-d142714-Reviews-Tallahassee_Antique_Car_Museum-Tallahassee_Florida.html
3. Florida State University,796 reviews,https://www.tripadvisor.com/Attraction_Review-g34675-d1229605-Reviews-Florida_State_University-Tallahassee_Florida.html
4. Tallahassee Museum,704 reviews,https://www.tripadvisor.com/Attraction_Review-g34675-d291201-Reviews-Tallahassee_Museum-Tallahassee_Florida.html
5. Alfred B. Maclay Gardens State Park,421 reviews,https://www.tripadvisor.com/Attraction_Review-g34675-d257090-Reviews-Alfred_B_Maclay_Gardens_State_Park-Tallahassee_Florida.html
6. Mission San Luis de Apalachee,413 reviews,https://www.tripadvisor.com/Attraction_Review-g34675-d126922-Reviews-Mission_San_Luis_de_Apalachee-Tallahassee_Florida.html
7. Museum of Florida History,324 reviews,https://www.tripadvisor.com/Attraction_Review-g34675-d126925-Reviews-Museum_of_Florida_History-Tallahassee_Florida.html
8. Cascades Park,361 reviews,https://www.tripadvisor.com/Attraction_Review-g34675-d6664567-Reviews-Cascades_Park-Tallahassee_Florida.html
9. St. Marks Lighthouse,206 reviews,https://www.tripadvisor.com/Attraction_Review-g34675-d143782-Reviews-St_Marks_Lighthouse-Tallahassee_Florida.html
10. Florida Historic Capitol Museum,363 reviews,https://www.tripadvisor.com/Attraction_Review-g34675-d2312332-Reviews-Florida_Historic_Capitol_Museum-Tallahassee_Florida.html
11. Goodwood Museum and Gardens,145 reviews,https://www.tripadvisor.com/Attraction_Review-g34675-d291203-Reviews-Goodwood_Museum_and_Gardens-Tallahassee_Florida.html
12. Railroad Square Art District,45 reviews,https://www.tripadvisor.com/Attraction_Review-g34675-d8871420-Reviews-Railroad_Square_Art_District-Tallahassee_Florida.html
13. Dorothy B Oven Park,16 reviews,https://www.tripadvisor.com/Attraction_Review-g34675-d13195387-Reviews-Dorothy_B_Oven_Park-Tallahassee_Florida.html
14. Saint Marks Trail,62 reviews,https://www.tripadvisor.com/Attraction_Review-g34675-d146247-Reviews-Saint_Marks_Trail-Tallahassee_Florida.html
15. Lake Ella & Fred Drake Park,134 reviews,https://www.tripadvisor.com/Attraction_Review-g34675-d4282322-Reviews-Lake_Ella_Fred_Drake_Park-Tallahassee_Florida.html
16. Doak Campbell Stadium,139 reviews,https://www.tripadvisor.com/Attraction_Review-g34675-d5974965-Reviews-Doak_Campbell_Stadium-Tallahassee_Florida.html
17. New Capitol Building,231 reviews,https://www.tripadvisor.com/Attraction_Review-g34675-d531881-Reviews-New_Capitol_Building-Tallahassee_Florida.html
18. JR Alford Greenway,25 reviews,https://www.tripadvisor.com/Attraction_Review-g34675-d10210395-Reviews-JR_Alford_Greenway-Tallahassee_Florida.html
19. Tom Brown Park,21 reviews,https://www.tripadvisor.com/Attraction_Review-g34675-d12533229-Reviews-Tom_Brown_Park-Tallahassee_Florida.html
20. Miccosukee Canopy Road Greenway,25 reviews,https://www.tripadvisor.com/Attraction_Review-g34675-d10312979-Reviews-Miccosukee_Canopy_Road_Greenway-Tallahassee_Florida.html
21. Grove Museum,23 reviews,https://www.tripadvisor.com/Attraction_Review-g34675-d12350496-Reviews-Grove_Museum-Tallahassee_Florida.html
22. Lake Jackson Mounds Archaeological State Park,54 reviews,https://www.tripadvisor.com/Attraction_Review-g34675-d126924-Reviews-Lake_Jackson_Mounds_Archaeological_State_Park-Tallahassee_Florida.html
23. Proof Brewing Company,65 reviews,https://www.tripadvisor.com/Attraction_Review-g34675-d7644910-Reviews-Proof_Brewing_Company-Tallahassee_Florida.html
24. Apalachicola National Forest,45 reviews,https://www.tripadvisor.com/Attraction_Review-g34675-d147133-Reviews-Apalachicola_National_Forest-Tallahassee_Florida.html
25. Challenger Learning Center of Tallahassee,58 reviews,https://www.tripadvisor.com/Attraction_Review-g34675-d2331081-Reviews-Challenger_Learning_Center_of_Tallahassee-Tallahassee_Florida.html
26. Redemptive Love Farm,4 reviews,https://www.tripadvisor.com/Attraction_Review-g34675-d10446660-Reviews-Redemptive_Love_Farm-Tallahassee_Florida.html
27. Natural Bridge Battlefield Historic State Park,39 reviews,https://www.tripadvisor.com/Attraction_Review-g34675-d3381808-Reviews-Natural_Bridge_Battlefield_Historic_State_Park-Tallahassee_Florida.html
28. Tallahassee-St. Marks Historic Railroad State Trail,46 reviews,https://www.tripadvisor.com/Attraction_Review-g34675-d147128-Reviews-Tallahassee_St_Marks_Historic_Railroad_State_Trail-Tallahassee_Florida.html
29. Governor's Square mall,30 reviews,https://www.tripadvisor.com/Attraction_Review-g34675-d8516374-Reviews-Governor_s_Square_mall-Tallahassee_Florida.html
30. Lichgate on High Road,13 reviews,https://www.tripadvisor.com/Attraction_Review-g34675-d9871648-Reviews-Lichgate_on_High_Road-Tallahassee_Florida.html
